{
  "B0": {
    "auroc": 0.3784722222222222,
    "n": 34
  },
  "B1": {
    "auroc": 0.5576923076923077,
    "n": 29
  },
  "B2": {
    "auroc": 0.4619883040935672,
    "n": 37
  }
}