{
  "B0": {
    "auroc": 0.5978260869565217,
    "n": 35
  },
  "B1": {
    "auroc": 0.28431372549019607,
    "n": 23
  },
  "B2": {
    "auroc": 0.5422077922077922,
    "n": 61
  },
  "B3": {
    "auroc": 0.5746634026927785,
    "n": 81
  }
}