{
  "gpu_hours_estimate": 22.409490195506564,
  "n_events": 100,
  "seconds_per_event": 806.7416470382362,
  "wall_time_hours": 22.409490195506564,
  "wall_time_sec": 80674.16470382363
}