{
  "gpu_hours_estimate": 33.624844600318205,
  "n_events": 200,
  "seconds_per_event": 605.2472028057277,
  "wall_time_hours": 33.624844600318205,
  "wall_time_sec": 121049.44056114554
}