{
  "n_events": 485,
  "n_fails": 238,
  "fits": {
    "full_crossbar_31744": {
      "dim": 31744,
      "auroc": 0.5097789115646258,
      "ci_lo": 0.3948717948717949,
      "ci_hi": 0.6290893015030946,
      "n_test": 97
    },
    "per_layer_mean_64": {
      "dim": 64,
      "auroc": 0.5386904761904763,
      "ci_lo": 0.4280851063829787,
      "ci_hi": 0.651082251082251,
      "n_test": 97
    },
    "spectral_gap_64": {
      "dim": 64,
      "auroc": 0.45025510204081637,
      "ci_lo": 0.3337595907928389,
      "ci_hi": 0.562719298245614,
      "n_test": 97
    }
  }
}