{
  "n_events": 485,
  "n_fails": 238,
  "fail_rate": 0.49072164948453606,
  "feature_names": [
    "qkt_stable_rank",
    "qkt_grass",
    "qkt_spec_entropy",
    "avwo_stable_rank",
    "avwo_grass",
    "avwo_spec_entropy",
    "forman_ricci_token"
  ],
  "univariate_scan": [
    [
      0.5189671010104447,
      0.518286666893478,
      0.516534549042289,
      0.5068213520225904,
      0.5214166638315245,
      0.502364508556459,
      0.5
    ],
    [
      0.5147313986323274,
      0.506566189228728,
      0.5144081924267683,
      0.5222501956248087,
      0.5276086142959209,
      0.5025686387915491,
      0.5
    ],
    [
      0.5215102235226073,
      0.5231857925356377,
      0.5221311196543394,
      0.5084203721974621,
      0.5477324533052088,
      0.5348382267886912,
      0.5
    ],
    [
      0.5221481305072636,
      0.5163474296601231,
      0.5238832375055285,
      0.5109720001360869,
      0.5081311876977511,
      0.5253461708570067,
      0.5
    ],
    [
      0.5295138298234273,
      0.5086585241384003,
      0.5316571972918722,
      0.5329160004082605,
      0.5007654883815874,
      0.5357227911407477,
      0.5
    ],
    [
      0.5401626237539551,
      0.5327629027319429,
      0.5407239819004525,
      0.5028408124383357,
      0.532660837614398,
      0.5066852651991971,
      0.5
    ],
    [
      0.5113462389004184,
      0.5151566699554315,
      0.5076718946687988,
      0.5678562923144966,
      0.5222501956248087,
      0.5450107168373421,
      0.5
    ],
    [
      0.5120436838703093,
      0.5267410607967883,
      0.5084033613445378,
      0.5261797026502909,
      0.5274470111931412,
      0.5272854080903616,
      0.5
    ],
    [
      0.5107593644745347,
      0.5113462389004185,
      0.5071445582281495,
      0.5260776375327458,
      0.5117715102235225,
      0.5271833429728167,
      0.5
    ],
    [
      0.5042697240839655,
      0.510274555166196,
      0.5061239070526996,
      0.5394651787840642,
      0.5265879631204708,
      0.5401796346068792,
      0.5
    ],
    [
      0.5002551627938625,
      0.5098322729901676,
      0.5002721736467867,
      0.5224713367128228,
      0.5103766202837411,
      0.5303473616167115,
      0.5
    ],
    [
      0.5001360868233933,
      0.5031299969380465,
      0.5021093457625965,
      0.5103596094308169,
      0.5028918449971082,
      0.5147654203381757,
      0.5
    ],
    [
      0.5024495628210799,
      0.5026026604973974,
      0.5008335317932842,
      0.5176062327765114,
      0.5501479944204403,
      0.5162113428367299,
      0.5
    ],
    [
      0.5034361922906815,
      0.529071547647399,
      0.5011737488517674,
      0.5067873303167421,
      0.5081311876977512,
      0.5161262885721091,
      0.5
    ],
    [
      0.5071615690810738,
      0.5121797706937027,
      0.5083012962269928,
      0.5178784064232981,
      0.5051032558772497,
      0.5187969924812029,
      0.5
    ],
    [
      0.5101724900486511,
      0.5030619535263499,
      0.5140509645153608,
      0.5341237709658763,
      0.5099343381077127,
      0.5357227911407478,
      0.5
    ],
    [
      0.5116014016942809,
      0.5231347599768652,
      0.5120606947232335,
      0.5408260470179975,
      0.5185248188344164,
      0.5357568128465962,
      0.5
    ],
    [
      0.5180144932466914,
      0.5010376620283741,
      0.5178613955703739,
      0.5161943319838056,
      0.5202088932739088,
      0.5121627598407784,
      0.5
    ],
    [
      0.506055863641003,
      0.5225904126832919,
      0.5037423876433165,
      0.5140339536624366,
      0.5349573027591604,
      0.5200387847446671,
      0.5
    ],
    [
      0.5056816248766713,
      0.5181165583642364,
      0.5010886945871466,
      0.5192903072160038,
      0.5816350831830708,
      0.5212805770081312,
      0.5
    ],
    [
      0.5299050794406831,
      0.5101214574898786,
      0.5306535569693465,
      0.5144762358384649,
      0.5200557955975913,
      0.5125540094580343,
      0.5
    ],
    [
      0.5369815942571361,
      0.5041081209811861,
      0.5366924097574253,
      0.5170618854829381,
      0.518082536658388,
      0.5216037832136904,
      0.5
    ],
    [
      0.5334773585547579,
      0.5204300343619228,
      0.5308917089102848,
      0.5196815568332596,
      0.522284217330657,
      0.5257374204742626,
      0.5
    ],
    [
      0.5374408872860885,
      0.5171639506004831,
      0.5362671384343211,
      0.5190351444221413,
      0.5643690674650427,
      0.5229816623005477,
      0.5
    ],
    [
      0.5348722484945395,
      0.5285782329125982,
      0.5336814887898479,
      0.5164665056305923,
      0.5009015752049808,
      0.5163814513659716,
      0.5
    ],
    [
      0.5272513863845133,
      0.5175211785118906,
      0.5262817677678359,
      0.5300411662640765,
      0.5117374885176742,
      0.5298370360289866,
      0.5
    ],
    [
      0.5329670329670328,
      0.519205252951383,
      0.5330350763787296,
      0.5158711257782466,
      0.5141530296329058,
      0.5184227537168714,
      0.5
    ],
    [
      0.532660837614398,
      0.511397271459191,
      0.5316061647330997,
      0.511703466811826,
      0.5233729119178037,
      0.5211444901847379,
      0.5
    ],
    [
      0.5405878950770593,
      0.5174871568060423,
      0.5398224066954718,
      0.5330010546728814,
      0.5033341271731364,
      0.5284251352362808,
      0.5
    ],
    [
      0.5421869152519307,
      0.5084033613445378,
      0.5432585989861531,
      0.5180655258054639,
      0.538818766372946,
      0.520549110332392,
      0.5
    ],
    [
      0.5396012656074576,
      0.5224032933011262,
      0.5402136563127276,
      0.5175892219235873,
      0.546116422277413,
      0.522488347565747,
      0.5
    ],
    [
      0.541914741605144,
      0.5176572653352839,
      0.5427142516925798,
      0.5171129180417107,
      0.5049671690538564,
      0.5179974823937673,
      0.5
    ]
  ],
  "per_layer_multivariate": [
    {
      "layer": 0,
      "auroc": 0.3754251700680273,
      "ci_lo": 0.26403061224489793,
      "ci_hi": 0.49062233589087806,
      "n_test": 97
    },
    {
      "layer": 1,
      "auroc": 0.42219387755102045,
      "ci_lo": 0.30562659846547313,
      "ci_hi": 0.5348936170212766,
      "n_test": 97
    },
    {
      "layer": 2,
      "auroc": 0.3762755102040817,
      "ci_lo": 0.2613737734165923,
      "ci_hi": 0.4885057471264368,
      "n_test": 97
    },
    {
      "layer": 3,
      "auroc": 0.40093537414965985,
      "ci_lo": 0.2894736842105264,
      "ci_hi": 0.516017316017316,
      "n_test": 97
    },
    {
      "layer": 4,
      "auroc": 0.4111394557823129,
      "ci_lo": 0.29242032730404827,
      "ci_hi": 0.525,
      "n_test": 97
    },
    {
      "layer": 5,
      "auroc": 0.40476190476190477,
      "ci_lo": 0.28888888888888886,
      "ci_hi": 0.5187074829931972,
      "n_test": 97
    },
    {
      "layer": 6,
      "auroc": 0.5242346938775511,
      "ci_lo": 0.4114035087719298,
      "ci_hi": 0.6370212765957447,
      "n_test": 97
    },
    {
      "layer": 7,
      "auroc": 0.5085034013605442,
      "ci_lo": 0.39702127659574465,
      "ci_hi": 0.6243567753001715,
      "n_test": 97
    },
    {
      "layer": 8,
      "auroc": 0.4825680272108844,
      "ci_lo": 0.36510638297872344,
      "ci_hi": 0.5939393939393939,
      "n_test": 97
    },
    {
      "layer": 9,
      "auroc": 0.5106292517006803,
      "ci_lo": 0.3924319727891157,
      "ci_hi": 0.622822299651568,
      "n_test": 97
    },
    {
      "layer": 10,
      "auroc": 0.48894557823129253,
      "ci_lo": 0.37159863945578236,
      "ci_hi": 0.6041666666666666,
      "n_test": 97
    },
    {
      "layer": 11,
      "auroc": 0.48086734693877553,
      "ci_lo": 0.3670940170940171,
      "ci_hi": 0.5947684391080619,
      "n_test": 97
    },
    {
      "layer": 12,
      "auroc": 0.46726190476190477,
      "ci_lo": 0.3486394557823129,