{
  "n_events": 485,
  "n_fails": 238,
  "per_stat": {
    "mean": {
      "auroc": 0.4944727891156462,
      "ci_lo": 0.3734991423670669,
      "ci_hi": 0.6129582267689684,
      "n_test": 97
    },
    "p10": {
      "auroc": 0.4944727891156462,
      "ci_lo": 0.3734991423670669,
      "ci_hi": 0.6129582267689684,
      "n_test": 97
    },
    "p50": {
      "auroc": 0.4944727891156462,
      "ci_lo": 0.3734991423670669,
      "ci_hi": 0.6129582267689684,
      "n_test": 97
    },
    "p90": {
      "auroc": 0.4944727891156462,
      "ci_lo": 0.3734991423670669,
      "ci_hi": 0.6129582267689684,
      "n_test": 97
    },
    "std": {
      "auroc": 0.5,
      "ci_lo": 0.5,
      "ci_hi": 0.5,
      "n_test": 97
    }
  },
  "all_stats": {
    "auroc": 0.5144557823129251,
    "ci_lo": 0.39145299145299145,
    "ci_hi": 0.634394341290893,
    "n_test": 97
  }
}